Stack_ID,Stack_Status,Last_Update,Notes
1,Down,6/28/2024 13:08,Lorem ipsum dolor sit ament
2,Maintenance,6/29/2024 13:08,Lorem ipsum dolor sit ament
3,Maintenance,6/30/2024 13:08,Lorem ipsum dolor sit ament
4,Maintenance,7/1/2024 13:08,Lorem ipsum dolor sit ament
5,Maintenance,7/2/2024 13:08,Lorem ipsum dolor sit ament
6,Up,7/4/2024 13:08,Lorem ipsum dolor sit ament
a,b,c,d
7,Down,6/28/2024 13:08,Lorem ipsum dolor sit ament
8,Maintenance,6/29/2024 13:08,Lorem ipsum dolor sit ament
9,Maintenance,6/30/2024 13:08,Lorem ipsum dolor sit ament
10,Maintenance,7/1/2024 13:08,Lorem ipsum dolor sit ament
11,Maintenance,7/2/2024 13:08,Lorem ipsum dolor sit ament
12,Up,7/4/2024 13:08,Lorem ipsum dolor sit ament
13,Down,6/28/2024 13:08,Lorem ipsum dolor sit ament
14,Maintenance,6/29/2024 13:08,Lorem ipsum dolor sit ament
15,Maintenance,6/30/2024 13:08,Lorem ipsum dolor sit ament
16,Maintenance,7/1/2024 13:08,Lorem ipsum dolor sit ament
17,Maintenance,7/2/2024 13:08,Lorem ipsum dolor sit ament
18,Up,7/4/2024 13:08,Lorem ipsum dolor sit ament
19,Down,6/28/2024 13:08,Lorem ipsum dolor sit ament
20,Maintenance,6/29/2024 13:08,Lorem ipsum dolor sit ament
21,Maintenance,6/30/2024 13:08,Lorem ipsum dolor sit ament
22,Maintenance,7/1/2024 13:08,Lorem ipsum dolor sit ament
23,Maintenance,7/2/2024 13:08,Lorem ipsum dolor sit ament
24,Up,7/4/2024 13:08,Lorem ipsum dolor sit ament
25,Down,6/28/2024 13:08,Lorem ipsum dolor sit ament
26,Maintenance,6/29/2024 13:08,Lorem ipsum dolor sit ament
27,Maintenance,6/30/2024 13:08,Lorem ipsum dolor sit ament
28,Maintenance,7/1/2024 13:08,Lorem ipsum dolor sit ament
29,Maintenance,7/2/2024 13:08,Lorem ipsum dolor sit ament
30,Up,7/4/2024 13:08,Lorem ipsum dolor sit ament
31,Down,6/28/2024 13:08,Lorem ipsum dolor sit ament
32,Maintenance,6/29/2024 13:08,Lorem ipsum dolor sit ament
33,Maintenance,6/30/2024 13:08,Lorem ipsum dolor sit ament
34,Maintenance,7/1/2024 13:08,Lorem ipsum dolor sit ament
35,Maintenance,7/2/2024 13:08,Lorem ipsum dolor sit ament
36,Up,7/4/2024 13:08,Lorem ipsum dolor sit ament
37,Down,6/28/2024 13:08,Lorem ipsum dolor sit ament
38,Maintenance,6/29/2024 13:08,Lorem ipsum dolor sit ament
39,Maintenance,6/30/2024 13:08,Lorem ipsum dolor sit ament
40,Maintenance,7/1/2024 13:08,Lorem ipsum dolor sit ament
41,Maintenance,7/2/2024 13:08,Lorem ipsum dolor sit ament
42,Up,7/4/2024 13:08,Lorem ipsum dolor sit ament
43,Down,6/28/2024 13:08,Lorem ipsum dolor sit ament
44,Maintenance,6/29/2024 13:08,Lorem ipsum dolor sit ament
45,Maintenance,6/30/2024 13:08,Lorem ipsum dolor sit ament
46,Maintenance,7/1/2024 13:08,Lorem ipsum dolor sit ament
47,Maintenance,7/2/2024 13:08,Lorem ipsum dolor sit ament
48,Up,7/4/2024 13:08,Lorem ipsum dolor sit ament